"File","SHA256","Bytes"
"AIW_BUILD100_STAGE3A_2NDLINE_SAME_DEVICE_RETRY_REPORT_20260704.md","F4B6B9AD4042F3F12CDC21D8A9102A1F26F86DAF2B4AFEBF31B7C2378C6F4921","6043"
"CHATGPT_STAGE3A_2NDLINE_SAME_DEVICE_RETRY_AUDIT_PROMPT_20260704.md","4896B90D65D6AC8DECAC6979F2BE44D8C807B6C06F836E103AAD56A5A87AF671","1534"
"AIW_BUILD100_STAGE3A_CLEANUP_PROOF_CHECKLIST_20260704.md","63B590D334023B52E04D7500F691993A09FA7290D80D8B1DA376DCEF03124D65","1958"
"AIW_BUILD100_STAGE3A_SYNC_NOTE_20260704.md","266F7BD79F1C3FCD733F4E57D11539462AA563BD5A5BC14AE3B21957F19BAE94","3737"
"20260704_STAGE3A_PRETEST_RUNLOG_OPEN_TEAMVIEWER.png","60AD86ED7A72AEEF09B844E5810CCF5DF33049BC172838CE9BA476C14CC07FF2","47203"
"20260704_STAGE3A_SAFE_MODE_ON_PROOF_TEAMVIEWER.png","AEF0DF58B9637D19DD14F6D396D735CBB0354A6F8830671F789A3E2A30FB8D6D","39605"
"20260704_STAGE3A_TRIGGER_ENABLED_TIMER_OFF_TEAMVIEWER.png","2536E91F5E98C8D3B6BC7087D5790F48A77599DFC0D5949C073F27338DF6FCC2","39928"
"20260704_STAGE3A_2NDLINE_SINGLE_MESSAGE_SENT_TEAMVIEWER.png","282B7B18C0E3C16D30FE9E451C46719EC44655E1A2813ED6F43DA7FEA6450684","45351"
"20260704_STAGE3A_TRIGGER_DISABLED_AFTER_MESSAGE_TEAMVIEWER.png","C5BD3479D3D2FBA565945DE46A8CED754DA565F608FB0100B135219BE96ACCE3","39866"
"20260704_STAGE3A_TASKER_PROFILES_AFTER_SAME_DEVICE_RETRY_TEAMVIEWER.png","B641001E4259C21BBA95B14E6FE7BF2B4CE5CF9704A8DEA0BEFD6372EAFF894C","29424"
"20260704_STAGE3A_RUNLOG_AFTER_SAME_DEVICE_RETRY_TEAMVIEWER.png","3940CED037217931C29CA361F3BCB43B11D8F417E87D8171F10ABF611FF6A648","36588"
"20260704_STAGE3A_RUNLOG_EXPORTED_TEXT_OPENED_TEAMVIEWER.png","7C83BEB090CC7CD36F4E1CFFF5CE89E8A66692BA2D8B168A6C573520D6CDDC7D","40813"
